document,,,
10000031,,,
10000044,,,
10000124,,,
10000180,,,
10000181,,,
10000223,,,
10000266,,,
10000267,,,
10000301,,,
10000339,,,
10000341,,,
10000415,,,
10000486,,,
10000510,,,
10000588,,,
10000658,,,
10000705,,,
10000713,,,
10000787,,,
10000845,,,
10000937,,,
10001000,,,
10001240,,,
10001310,,,
10001323,,,
10001324,,,
10001360,,,
10001490,,,
10001558,,,
10001561,,,
10001592,,,
10001738,,,
10001788,,,
10001841,,,
10001863,,,
10001869,,,
10001922,,,
10001956,,,
10002000,,,
10002050,,,
10002334,,,
10002345,,,
10002366,,,
10002425,,,
10002462,,,
10002488,,,
10002521,,,
10002545,,,
10002644,,,
10002656,,,
10002698,,,
10002699,,,
10002786,,,
10002787,,,
10002789,,,
10002848,,,
10002875,,,
10002901,,,
10002915,,,
10002985,,,
10003000,,,
10003486,,,
10003559,,,
10003592,,,
10003682,,,
10003689,,,
10003690,,,
10003691,,,
10003772,,,
10003779,,,
10003890,,,
10003908,,,
10004096,,,
10004097,,,
10004103,,,
10004395,,,
10004446,,,
10004447,,,
10004493,,,
10004495,,,
10004501,,,
10004519,,,
10004578,,,
10004608,,,
10004642,,,
10004773,,,
10004776,,,
10004784,,,
10004837,,,
10004856,,,
10004875,,,
10004917,,,
10005105,,,
10005146,,,
10005367,,,
10005385,,,
10005469,,,
10005627,,,
10005633,,,
10005947,,,
10006001,,,
10006147,,,
10006170,,,
10006251,,,
10006428,,,
10006560,,,
10006574,,,
10006791,,,
10006855,,,
10007092,,,
10007190,,,
10007198,,,
10007233,,,
10007248,,,
10007279,,,
10007397,,,
10007477,,,
10007504,,,
10007556,,,
10007603,,,
10007626,,,
10007647,,,
10007826,,,
10007856,,,
10007913,,,
10007936,,,
10008010,,,
10008056,,,
10008059,,,
10008099,,,
10008224,,,
10008241,,,
10008409,,,
10008446,,,
10008466,,,
10008489,,,
10008490,,,
10008575,,,
10008744,,,
10008752,,,
10008769,,,
10008810,,,
10008815,,,
10008861,,,
10008936,,,
10009024,,,
10009033,,,
10009039,,,
10009101,,,
10009217,,,
10009228,,,
10009250,,,
10009275,,,
10009308,,,
10009313,,,
10009456,,,
10009500,,,
10009558,,,
10009571,,,
10009965,,,
10010001,,,
10010037,,,
10010082,,,
10010156,,,
10010273,,,
10010293,,,
10010347,,,
10010373,,,
10010412,,,
10010500,,,
10010535,,,
10010643,,,
10010656,,,
10010788,,,
10010800,,,
10010865,,,
10010966,,,
10011084,,,
10011143,,,
10011331,,,
10011453,,,
10011482,,,
10011485,,,
10011486,,,
10011521,,,
10011617,,,
10011691,,,
10011698,,,
10011796,,,
10011900,,,
10011901,,,
10011908,,,
10011942,,,
10011956,,,
10011976,,,
10011982,,,
10011995,,,
10012030,,,
10012031,,,
10012032,,,
10012128,,,
10012219,,,
10012234,,,
10012260,,,
10012261,,,
10012310,,,
10012329,,,
10012380,,,
10012440,,,
10012509,,,
10012589,,,
10012591,,,
10012599,,,
10012610,,,
10012623,,,
10012682,,,
10012722,,,
10012774,,,
10012815,,,
10012841,,,
10012847,,,
10013003,,,
10013195,,,
10013249,,,
10013314,,,
10013348,,,
10013354,,,
10013404,,,
10013461,,,
10013464,,,
10013480,,,
10013504,,,
10013680,,,
10013683,,,
10013862,,,
10013917,,,
10014166,,,
10014228,,,
10014269,,,
10014274,,,
10014360,,,
10014404,,,
10014512,,,
10014624,,,
10014707,,,
10014752,,,
10014786,,,
10014850,,,
10014858,,,
10014985,,,
10015029,,,
10015266,,,
10015390,,,
10015429,,,
10015454,,,
10015469,,,
10015488,,,
10015547,,,
10015579,,,
10015646,,,
10015649,,,
10015706,,,
10015792,,,
10015996,,,
10016169,,,
10016233,,,
10016354,,,
10016557,,,
10016916,,,
10017013,,,
10017084,,,
10017099,,,
10017131,,,
10017215,,,
10017538,,,
10017552,,,
10017649,,,
10017669,,,
10017689,,,
10017752,,,
10017805,,,
10017815,,,
10017871,,,
10018054,,,
10018058,,,
10018112,,,
10018119,,,
10018203,,,
10018292,,,
10018395,,,
10018548,,,
10018691,,,
10018725,,,
10018773,,,
10018968,,,
10019008,,,
10019197,,,
10019222,,,
10019292,,,
10019365,,,
10019570,,,
10019807,,,
10019866,,,
10019868,,,
10019894,,,
10019955,,,
10020413,,,
10020419,,,
10020726,,,
10020812,,,
10020850,,,
10020915,,,
10020931,,,
10021006,,,
10021023,,,
10021046,,,
10021083,,,
10021130,,,
10021230,,,
10021340,,,
10021345,,,
10021416,,,
10021514,,,
10021523,,,
10021527,,,
10021610,,,
10021699,,,
10021775,,,
10021871,,,
10021991,,,
10022076,,,
10022150,,,
10022163,,,
10022200,,,
10022261,,,
10022288,,,
10022357,,,
10022494,,,
10022551,,,
10022581,,,
10022585,,,
10022619,,,
10022635,,,
10022728,,,
10022743,,,
10023100,,,
10023324,,,
10023341,,,
10023418,,,
10023603,,,
10023750,,,
10023756,,,
10023986,,,
10024085,,,
10024089,,,
10024103,,,
10024145,,,
10024243,,,
10024267,,,
10024336,,,
10024393,,,
10024533,,,
10024563,,,
10024741,,,
10024785,,,
10024886,,,
10024967,,,
10025007,,,
10025013,,,
10025047,,,
10025130,,,
10025160,,,
10025193,,,
10025224,,,
10025238,,,
10025297,,,
10025503,,,
10025542,,,
10025543,,,
10025583,,,
10025691,,,
10026085,,,
10026102,,,
10026133,,,
10026144,,,
10026148,,,
10026162,,,
10026198,,,
10026265,,,
10026274,,,
10026299,,,
10026376,,,
10026425,,,
10026498,,,
10026578,,,
10026605,,,
10026620,,,
10026688,,,
10026759,,,
10026798,,,
10026801,,,
10026891,,,
10027135,,,
10027254,,,
10027282,,,
10027402,,,
10027444,,,
10027999,,,
10028117,,,
10028161,,,
10028168,,,
10028170,,,
10028196,,,
10028301,,,
10028313,,,
10028404,,,
10028466,,,
10028537,,,
10028561,,,
10028596,,,
10028653,,,
10028679,,,
10028686,,,
10028867,,,
10028930,,,
10028983,,,
10029136,,,
10029181,,,
10029220,,,
10029279,,,
10029425,,,
10029447,,,
10029576,,,
10029582,,,
10029635,,,
10029797,,,
10029829,,,
10029970,,,
10029971,,,
10030202,,,
10030329,,,
10030362,,,
10030397,,,
10030438,,,
10030446,,,
10030447,,,
10030482,,,
10030493,,,
10030550,,,
10030644,,,
10030713,,,
10030721,,,
10030963,,,
10030985,,,
10031001,,,
10031029,,,
10031060,,,
10031094,,,
10031097,,,
10031099,,,
10031111,,,
10031146,,,
10031188,,,
10031191,,,
10031209,,,
10031236,,,
10031326,,,
10031353,,,
10031365,,,
10031460,,,
10031526,,,
10031632,,,
10031701,,,
10031788,,,
10031875,,,
10031883,,,
10031901,,,
10031906,,,
10031908,,,
10031910,,,
10031911,,,
10031922,,,
10031963,,,
10032113,,,
10032120,,,
10032221,,,
10032239,,,
10032259,,,
10032290,,,
10032365,,,
10032404,,,
10032417,,,
10032442,,,
10032452,,,
10032481,,,
10032485,,,
10032581,,,
10032586,,,
10032641,,,
10032676,,,
10032714,,,
10032898,,,
10032907,,,
10033047,,,
10033211,,,
10033243,,,
10033269,,,
10033340,,,
10033364,,,
10033377,,,
10033442,,,
10033491,,,
10033517,,,
10033550,,,
10033588,,,
10033595,,,
10033669,,,
10033770,,,
10033832,,,
10033903,,,
10033913,,,
10034060,,,
10034137,,,
10034149,,,
10034175,,,
10034242,,,
10034352,,,
10034418,,,
10034508,,,
10034527,,,
10034535,,,
10034544,,,
10034736,,,
10034832,,,
10034930,,,
10034933,,,
10034954,,,
10034998,,,
10045048,,,
10049992,,,
10050341,,,
10050343,,,
10050429,,,
10050852,,,
10051162,,,
10051890,,,
10055313,,,
10055370,,,
10056121,,,
10056267,,,
10056596,,,
10056598,,,
10056719,,,
10056730,,,
10056732,,,
10057056,,,
10057104,,,
10057762,,,
10058256,,,
10058304,,,
10058446,,,
10059369,,,
10059383,,,
10059635,,,
10059722,,,
10059750,,,
10060103,,,
10060202,,,
10061039,,,
10061216,,,
10062030,,,
10062147,,,
10062148,,,
10062737,,,
10063226,,,
10063272,,,
10063359,,,
10063593,,,
10063998,,,
10064083,,,
10064348,,,
10065646,,,
10065798,,,
10066846,,,
10066899,,,
10066964,,,
10067008,,,
10067867,,,
10068511,,,
10068747,,,
10069159,,,
10069846,,,
10070535,,,
10071082,,,
10071186,,,
10071212,,,
10071453,,,
10071484,,,
10071745,,,
10072178,,,
10072410,,,
10073888,,,
10074153,,,
10074841,,,
10075104,,,
10075534,,,
10076087,,,
10076296,,,
10076476,,,
10076856,,,
10077429,,,
10077443,,,
10077488,,,
10077738,,,
10078242,,,
10078298,,,
10078314,,,
10078402,,,
10078669,,,
10078734,,,
10078792,,,
10078842,,,
10078947,,,
10078994,,,
10079195,,,
10079414,,,
10079511,,,
10079711,,,
10079712,,,
10080059,,,
10080213,,,
10080622,,,
10080715,,,
10080832,,,
10080882,,,
10080972,,,
10080986,,,
10081172,,,
10081401,,,
10081546,,,
10081629,,,
10081881,,,
10081996,,,
10082043,,,
10082067,,,
10082103,,,
10082321,,,
10082746,,,
10083014,,,
10083110,,,
10083173,,,
10083251,,,
10083530,,,
10083777,,,
10083816,,,
10084095,,,
10084141,,,
10084768,,,
10084816,,,
10085179,,,
10085181,,,
10085399,,,
10085709,,,
10085986,,,
10086410,,,
10086488,,,
10086555,,,
10086585,,,
10086632,,,
10086679,,,
10087109,,,
10087314,,,
10088019,,,
10088069,,,
10088330,,,
10088649,,,
10088712,,,
10088864,,,
10089051,,,
10089054,,,
10089296,,,
10089319,,,
10089917,,,
10090333,,,
10090916,,,
10091122,,,
10091171,,,
10091218,,,
10091341,,,
10091597,,,
10091885,,,
10092326,,,
10092507,,,
10092521,,,
10092646,,,
10092727,,,
10092826,,,
10092863,,,
10093083,,,
10093265,,,
10093308,,,
10093428,,,
10093844,,,
10093904,,,
10093996,,,
10094441,,,
10094493,,,
10094584,,,
10094870,,,
10095175,,,
10095230,,,
10095359,,,
10095470,,,
10095738,,,
10095863,,,
10095995,,,
10096133,,,
10096145,,,
10096178,,,
10096236,,,
10096400,,,
10096494,,,
10096602,,,
10096980,,,
10096982,,,
10097028,,,
10097220,,,
10097334,,,
10097498,,,
10097603,,,
10097698,,,
10097786,,,
10098288,,,
10098309,,,
10098561,,,
10098597,,,
10098625,,,
10098781,,,
10098795,,,
10098957,,,
10099384,,,
10099764,,,
10100100,,,
10100142,,,
10100532,,,
10100562,,,
10100884,,,
10101088,,,
10101377,,,
10102009,,,
10102087,,,
10102168,,,
10102292,,,
10102337,,,
10102710,,,
10102895,,,
10102901,,,
10102910,,,
10102935,,,
10103009,,,
10103047,,,
10103104,,,
10103176,,,
10103654,,,
10103685,,,
10103740,,,
10104190,,,
10104464,,,
10104490,,,
10104645,,,
10104767,,,
10104849,,,
10105103,,,
10105137,,,
10105579,,,
10105580,,,
10105732,,,
10105915,,,
10106326,,,
10106947,,,
10107050,,,
10107213,,,
10107544,,,
10107893,,,
10108271,,,
10108316,,,
10108694,,,
10108951,,,
10109033,,,
10109088,,,
10109151,,,
10109204,,,
10110526,,,
10110582,,,
10110598,,,
10110911,,,
10110932,,,
10110999,,,
10111001,,,
10111207,,,
10111218,,,
10111228,,,
10111232,,,
10111281,,,
10111304,,,
10111327,,,
10111328,,,
10111417,,,
10111545,,,
10111586,,,
10111681,,,
10111926,,,
10112030,,,
10112111,,,
10112268,,,
10112562,,,
10113279,,,
10113303,,,
10113471,,,
10113521,,,
10113535,,,
10113615,,,
10113738,,,
10113840,,,
10113854,,,
10114395,,,
10114465,,,
10114597,,,
10114632,,,
10114876,,,
10115600,,,
10115754,,,
10115892,,,
10115894,,,
10116129,,,
10116498,,,
10116756,,,
10116757,,,
10116825,,,
10116927,,,
10116986,,,
10117153,,,
10117192,,,
10117534,,,
10117538,,,
10117789,,,
10117924,,,
10117928,,,
10118095,,,
10118156,,,
10118192,,,
10118275,,,
10118427,,,
10118459,,,
10118529,,,
10118686,,,
10118809,,,
10118855,,,
10118883,,,
10118895,,,
10119223,,,
10119775,,,
10119935,,,
10120114,,,
10120315,,,
10120412,,,
10120755,,,
10120896,,,
10121002,,,
10121112,,,
10121175,,,
10121201,,,
10121216,,,
10121350,,,
10121552,,,
10121634,,,
10121823,,,
10121838,,,
10121989,,,
10122044,,,
10122593,,,
10122805,,,
10122814,,,
10122904,,,
10122954,,,
10123080,,,
10123082,,,
10123591,,,
10123695,,,
10123716,,,
10123745,,,
10123805,,,
10123923,,,
10124230,,,
10124233,,,
10124494,,,
10124719,,,
10124759,,,
10124814,,,
10124969,,,
10125367,,,
10125527,,,
10125911,,,
10126064,,,
10126091,,,
10126134,,,
10126283,,,
10126298,,,
10126345,,,
10126347,,,
10126445,,,
10126489,,,
10126524,,,
10126770,,,
10126791,,,
10126960,,,
10127062,,,
10127201,,,
10127278,,,
10127382,,,
10127402,,,
10127598,,,
10127690,,,
10127723,,,
10127783,,,
10127826,,,
10127846,,,
10127857,,,
10127928,,,
10128171,,,
10128209,,,
10128267,,,
10128332,,,
10128338,,,
10128517,,,
10128609,,,
10128673,,,
10128794,,,
10128802,,,
10129244,,,
10129300,,,
10129328,,,
10129358,,,
10129400,,,
10129444,,,
10129446,,,
10129509,,,
10129514,,,
10129540,,,
10129637,,,
10129710,,,
10129757,,,
10129783,,,
10130811,,,
10130816,,,
10130831,,,
10131025,,,
10131111,,,
10131227,,,
10131231,,,
10131283,,,
10131340,,,
10131433,,,
10131455,,,
10131484,,,
10131622,,,
10131681,,,
10131682,,,
10131846,,,
10131859,,,
10131880,,,
10131884,,,
10131907,,,
10131939,,,
10132344,,,
10132488,,,
10132604,,,
10132712,,,
10132728,,,
10132855,,,
10132938,,,
10132986,,,
10133249,,,
10133279,,,
10133423,,,
10133482,,,
10133494,,,
10133605,,,
10133695,,,
10133816,,,
10133879,,,
10133917,,,
10134048,,,
10134220,,,
10134258,,,
10134268,,,
10134335,,,
10134389,,,
10134519,,,
10134550,,,
